Array Size,Serial Time (ms),Parallel Time (ms),Speedup
1000,2,3,0.6666666666666666
2000,2,1,2.0
5000,13,1,13.0
10000,60,5,12.0
20000,365,15,24.333333333333332
